{
  "_fv": 77,
  "_type": "biome",
  "definition": {
    "name": "Chickennuggy",
    "groundBlock": {
      "value": "CUSTOM:Hedyuvhe"
    },
    "undergroundBlock": {
      "value": "CUSTOM:Hedyuvhe"
    },
    "underwaterBlock": {
      "value": "CUSTOM:Hedyuvhe"
    },
    "airColor": {
      "value": -6750157,
      "falpha": 0.0
    },
    "fogColor": {
      "value": -13408768,
      "falpha": 0.0
    },
    "ambientSound": {
      "value": ""
    },
    "additionsSound": {
      "value": ""
    },
    "music": {
      "value": ""
    },
    "moodSound": {
      "value": ""
    },
    "moodSoundDelay": 6000,
    "spawnParticles": false,
    "particleToSpawn": {
      "value": "ASH"
    },
    "particlesProbability": 0.5,
    "rainingPossibility": 0.5,
    "temperature": 0.5,
    "spawnBiome": true,
    "spawnInCaves": false,
    "spawnBiomeNether": false,
    "genTemperature": {
      "min": -0.5,
      "max": 0.5
    },
    "genHumidity": {
      "min": -0.5,
      "max": 0.5
    },
    "genContinentalness": {
      "min": 0.3,
      "max": 1.0
    },
    "genErosion": {
      "min": -0.5,
      "max": 0.5
    },
    "genWeirdness": {
      "min": -1.0,
      "max": 1.0
    },
    "treesPerChunk": 70,
    "vanillaTreeType": "Default",
    "treeType": 1,
    "minHeight": 7,
    "treeStem": {
      "value": "CUSTOM:F"
    },
    "treeBranch": {
      "value": "CUSTOM:Asdfhj"
    },
    "treeVines": {
      "value": "Blocks.VINE"
    },
    "treeFruits": {
      "value": "Blocks.COCOA"
    },
    "defaultFeatures": [
      "Caves",
      "Ores",
      "FrozenTopLayer"
    ],
    "spawnStronghold": true,
    "spawnMineshaft": true,
    "spawnMineshaftMesa": true,
    "spawnPillagerOutpost": true,
    "villageType": "none",
    "spawnWoodlandMansion": true,
    "spawnJungleTemple": true,
    "spawnDesertPyramid": true,
    "spawnSwampHut": true,
    "spawnIgloo": true,
    "spawnOceanMonument": true,
    "spawnShipwreck": true,
    "spawnShipwreckBeached": true,
    "spawnBuriedTreasure": false,
    "oceanRuinType": "NONE",
    "spawnNetherBridge": true,
    "spawnNetherFossil": true,
    "spawnBastionRemnant": true,
    "spawnEndCity": true,
    "spawnRuinedPortal": "NONE",
    "spawnEntries": [
      {
        "entity": {
          "value": "CUSTOM:Lavawitch"
        },
        "minGroup": 4,
        "maxGroup": 4,
        "weight": 12,
        "spawnType": "monster"
      }
    ]
  }
}