{
  "_fv": 77,
  "_type": "potion",
  "definition": {
    "potionName": "Potion of Fanta",
    "splashName": "Splash Potion of Fanta",
    "lingeringName": "Lingering Potion of Fanta",
    "arrowName": "Arrow of Fanta",
    "effects": [
      {
        "effect": {
          "value": "SPEED"
        },
        "duration": 3600,
        "infinite": false,
        "amplifier": 0,
        "ambient": false,
        "showParticles": true
      },
      {
        "effect": {
          "value": "SATURATION"
        },
        "duration": 3600,
        "infinite": false,
        "amplifier": 0,
        "ambient": false,
        "showParticles": true
      },
      {
        "effect": {
          "value": "RESISTANCE"
        },
        "duration": 3600,
        "infinite": false,
        "amplifier": 0,
        "ambient": false,
        "showParticles": true
      }
    ]
  }
}