{
  "feature": "john_july_mc_gamer:gregplants",
  "placement": [
    {
      "type": "minecraft:count",
      "count": {
        "type": "uniform",
        "min_inclusive": 1,
        "max_inclusive": 4
      }
    },
    {
      "type": "minecraft:in_square"
    },
    {
      "type": "minecraft:heightmap",
      "heightmap": "OCEAN_FLOOR_WG"
    },
    {
      "type": "minecraft:block_predicate_filter",
      "predicate": {
        "type": "minecraft:matching_blocks",
        "blocks": "john_july_mc_gamer:greg",
        "offset": [
          0,
          -1,
          0
        ]
      }
    },
    {
      "type": "minecraft:biome"
    }
  ]
}