{
  "type": "minecraft:crafting_shaped",
  "category": "misc",
  "pattern": [
    "aba",
    "cde",
    "fgf"
  ],
  "key": {
    "a": "ellis__july_mc_gamer:c_00lkidd_core",
    "b": "ellis__july_mc_gamer:bluuax",
    "c": "ellis__july_mc_gamer:bluusword",
    "d": "ellis__july_mc_gamer:tinybluudud",
    "e": "ellis__july_mc_gamer:bluu_pickaxe",
    "f": "ellis__july_mc_gamer:pr_3tty_pr_11nces_core",
    "g": "ellis__july_mc_gamer:bluu_shovel"
  },
  "result": {
    "id": "ellis__july_mc_gamer:bluududcore",
    "count": 1
  }
}