{
  "_fv": 77,
  "_type": "tool",
  "definition": {
    "toolType": "Axe",
    "renderType": 0,
    "blockingRenderType": 0,
    "texture": "rqddw",
    "customModelName": "Normal",
    "blockingModelName": "Normal blocking",
    "name": "CORUPT AXE",
    "specialInformation": {
      "fixedValue": []
    },
    "creativeTabs": [
      {
        "value": "TOOLS"
      }
    ],
    "efficiency": 99999.0,
    "attackSpeed": 2.0,
    "enchantability": 100000,
    "damageVsEntity": 10000.0,
    "usageCount": 99999,
    "glowCondition": {
      "fixedValue": false
    },
    "repairItems": [],
    "immuneToFire": false,
    "blockDropsTier": "NETHERITE",
    "blocksAffected": [],
    "stayInGridWhenCrafting": false,
    "damageOnCrafting": false
  }
}