{
  "_fv": 77,
  "_type": "tool",
  "definition": {
    "toolType": "Hoe",
    "renderType": 0,
    "blockingRenderType": 0,
    "texture": "fe",
    "customModelName": "Normal",
    "blockingModelName": "Normal blocking",
    "name": "Crupthoe",
    "specialInformation": {
      "fixedValue": []
    },
    "creativeTabs": [
      {
        "value": "TOOLS"
      }
    ],
    "efficiency": 4.0,
    "attackSpeed": 1.0,
    "enchantability": 509,
    "damageVsEntity": 70.0,
    "usageCount": 10000,
    "glowCondition": {
      "fixedValue": false
    },
    "repairItems": [
      {
        "value": "CUSTOM:Crippeldingot"
      }
    ],
    "immuneToFire": true,
    "blockDropsTier": "NETHERITE",
    "blocksAffected": [],
    "stayInGridWhenCrafting": false,
    "damageOnCrafting": false
  }
}