{
  "_fv": 77,
  "_type": "enchantment",
  "definition": {
    "name": "Damadge prottection",
    "supportedSlots": "any",
    "weight": 10,
    "anvilCost": 1,
    "maxLevel": 100,
    "damageModifier": 999,
    "incompatibleEnchantments": [
      {
        "value": "PROTECTION"
      },
      {
        "value": "PROJECTILE_PROTECTION"
      }
    ],
    "supportedItems": [
      {
        "value": "CUSTOM:Coruptarmor.helmet"
      },
      {
        "value": "CUSTOM:Coruptarmor.body"
      },
      {
        "value": "CUSTOM:Coruptarmor.legs"
      },
      {
        "value": "CUSTOM:Coruptarmor.boots"
      }
    ],
    "isTreasureEnchantment": false,
    "isCurse": false,
    "canGenerateInLootTables": true,
    "canVillagerTrade": true
  }
}