{
  "_fv": 77,
  "_type": "achievement",
  "definition": {
    "achievementName": "Pleasepleaseplease",
    "achievementDescription": "you got a ruby",
    "achievementIcon": {
      "value": "CUSTOM:Ruby"
    },
    "background": "Default",
    "disableDisplay": false,
    "showPopup": true,
    "announceToChat": true,
    "hideIfNotCompleted": false,
    "rewardLoot": [],
    "rewardRecipes": [
      "Blockofrubyrecipe",
      "Rubyswordrecipe",
      "Rubypickaxerecipe",
      "Rubyaxericipe"
    ],
    "rewardXP": 30,
    "achievementType": "task",
    "parent": {
      "value": "adventure/adventuring_time"
    },
    "triggerxml": "<xml xmlns=\"https://developers.google.com/blockly/xml\"><block type=\"advancement_trigger\" deletable=\"false\" x=\"-322\" y=\"8\"><next><block type=\"item_in_inventory\"><value name=\"amount_l\"><block type=\"math_number\"><field name=\"NUM\">1</field></block></value><value name=\"amount_h\"><block type=\"math_number\"><field name=\"NUM\">1</field></block></value><value name=\"item\"><block type=\"mcitem_all\"><field name=\"value\">CUSTOM:Ruby</field></block></value></block></next></block></xml>"
  }
}