{
  "_fv": 77,
  "_type": "tool",
  "definition": {
    "toolType": "Sword",
    "renderType": 0,
    "blockingRenderType": 0,
    "texture": "ruby_sword",
    "customModelName": "Normal",
    "blockingModelName": "Normal blocking",
    "name": "Rubysword",
    "specialInformation": {
      "fixedValue": []
    },
    "creativeTabs": [
      {
        "value": "TOOLS"
      }
    ],
    "efficiency": 0.0,
    "attackSpeed": 3.0,
    "enchantability": 12,
    "damageVsEntity": 18.0,
    "usageCount": 256,
    "glowCondition": {
      "fixedValue": false
    },
    "repairItems": [
      {
        "value": "CUSTOM:Ruby"
      },
      {
        "value": "CUSTOM:Rubysword"
      }
    ],
    "immuneToFire": false,
    "blockDropsTier": "DIAMOND",
    "blocksAffected": [],
    "stayInGridWhenCrafting": false,
    "damageOnCrafting": false
  }
}