{
  "_fv": 77,
  "_type": "item",
  "definition": {
    "renderType": 0,
    "texture": "ruby_gun",
    "customModelName": "Ranged item",
    "customProperties": {},
    "states": [],
    "name": "Rubygun",
    "rarity": "RARE",
    "creativeTabs": [
      {
        "value": "COMBAT"
      }
    ],
    "stackSize": 1,
    "enchantability": 14,
    "useDuration": 72000,
    "toolType": 1.0,
    "damageCount": 256,
    "recipeRemainder": {
      "value": ""
    },
    "destroyAnyBlock": false,
    "immuneToFire": false,
    "stayInGridWhenCrafting": false,
    "damageOnCrafting": false,
    "enableMeleeDamage": true,
    "damageVsEntity": 256.0,
    "specialInformation": {
      "fixedValue": []
    },
    "glowCondition": {
      "fixedValue": false
    },
    "inventorySize": 9,
    "inventoryStackSize": 64,
    "onEntitySwing": {
      "name": "RubygunEntitySwingsItem"
    },
    "enableRanged": true,
    "shootConstantly": false,
    "rangedItemChargesPower": false,
    "projectile": {
      "value": "SpectralArrow"
    },
    "projectileDisableAmmoCheck": false,
    "isFood": false,
    "nutritionalValue": 4,
    "saturation": 0.3,
    "eatResultItem": {
      "value": ""
    },
    "isMeat": false,
    "isAlwaysEdible": false,
    "animation": "crossbow",
    "isMusicDisc": false,
    "musicDiscMusic": {
      "value": ""
    },
    "musicDiscDescription": "",
    "musicDiscLengthInTicks": 100,
    "musicDiscAnalogOutput": 0
  }
}