{
  "_fv": 77,
  "_type": "tool",
  "definition": {
    "toolType": "Pickaxe",
    "renderType": 0,
    "blockingRenderType": 0,
    "texture": "ruby_hoe",
    "customModelName": "Normal",
    "blockingModelName": "Normal blocking",
    "name": "Rubyhoe",
    "specialInformation": {
      "fixedValue": []
    },
    "creativeTabs": [
      {
        "value": "TOOLS"
      }
    ],
    "efficiency": 8.0,
    "attackSpeed": 1.0,
    "enchantability": 12,
    "damageVsEntity": 10.0,
    "usageCount": 256,
    "glowCondition": {
      "fixedValue": false
    },
    "repairItems": [
      {
        "value": "CUSTOM:Ruby"
      },
      {
        "value": "CUSTOM:Rubypickaxe"
      }
    ],
    "immuneToFire": false,
    "blockDropsTier": "NETHERITE",
    "blocksAffected": [],
    "stayInGridWhenCrafting": false,
    "damageOnCrafting": false
  }
}