{
  "has_precipitation": true,
  "temperature": 0.5,
  "downfall": 0.5,
  "effects": {
    "foliage_color": -13421569,
    "grass_color": -13408513,
    "sky_color": 7972607,
    "fog_color": -10066177,
    "water_color": -16777216,
    "water_fog_color": -1
  },
  "spawners": {
    "monster": [],
    "creature": [
      {
        "type": "ellis__july_mc_gamer:bluudud",
        "weight": 20,
        "minCount": 32,
        "maxCount": 32
      }
    ],
    "ambient": [],
    "axolotls": [],
    "underground_water_creature": [],
    "water_creature": [],
    "water_ambient": [],
    "misc": []
  },
  "spawn_costs": {},
  "carvers": [],
  "features": [
    [],
    [],
    [],
    [],
    [],
    [],
    [],
    [],
    [],
    [
      "ellis__july_mc_gamer:bluu_biome_tree"
    ],
    [
      "minecraft:freeze_top_layer"
    ]
  ]
}