{
  "type": "minecraft:tree",
  "config": {
    "force_dirt": false,
    "ignore_vines": true,
    "minimum_size": {
      "type": "minecraft:two_layers_feature_size",
      "limit": 1,
      "lower_size": 1,
      "upper_size": 2
    },
    "dirt_provider": {
      "type": "minecraft:simple_state_provider",
      "state": {
        "Name": "david_july_mc_gamer:twilightblock"
      }
    },
    "trunk_provider": {
      "type": "minecraft:simple_state_provider",
      "state": {
        "Name": "minecraft:cyan_glazed_terracotta",
        "Properties": {
          "facing": "north"
        }
      }
    },
    "foliage_provider": {
      "type": "minecraft:simple_state_provider",
      "state": {
        "Name": "minecraft:cherry_leaves",
        "Properties": {
          "distance": "7",
          "persistent": "false",
          "waterlogged": "false"
        }
      }
    },
    "trunk_placer": {
      "type": "minecraft:giant_trunk_placer",
      "base_height": 32,
      "height_rand_a": 2,
      "height_rand_b": 14
    },
    "foliage_placer": {
      "type": "minecraft:mega_pine_foliage_placer",
      "radius": 0,
      "offset": 0,
      "crown_height": {
        "type": "uniform",
        "min_inclusive": 3,
        "max_inclusive": 7
      }
    },
    "decorators": [
      {
        "type": "david_july_mc_gamer:camoflaugeforest_tree_fruit_decorator"
      },
      {
        "type": "david_july_mc_gamer:camoflaugeforest_tree_trunk_decorator"
      },
      {
        "type": "david_july_mc_gamer:camoflaugeforest_tree_leave_decorator"
      }
    ]
  }
}