{
  "_fv": 79,
  "_type": "recipe",
  "definition": {
    "recipeType": "Crafting",
    "recipeRetstackSize": 1,
    "group": "tntiteams",
    "unlockingItems": [
      {
        "value": "Blocks.TNT"
      }
    ],
    "cookingBookCategory": "MISC",
    "xpReward": 0.0,
    "cookingTime": 200,
    "craftingBookCategory": "BUILDING",
    "recipeShapeless": true,
    "recipeSlots": [
      {
        "value": "Blocks.TNT"
      },
      {
        "value": "Blocks.DIRT#0"
      },
      {
        "value": "Blocks.TNT"
      },
      {
        "value": "Blocks.TNT"
      },
      {
        "value": "Blocks.TALLGRASS#1"
      },
      {
        "value": "Blocks.TNT"
      },
      {
        "value": "Blocks.TNT"
      },
      {
        "value": "Blocks.DOUBLE_PLANT#2"
      },
      {
        "value": "Blocks.TNT"
      }
    ],
    "recipeReturnStack": {
      "value": "CUSTOM:Grasstnt"
    },
    "name": "crafting_table",
    "namespace": "mod"
  }
}