{
  "_fv": 79,
  "_type": "procedure",
  "definition": {
    "procedurexml": "<xml xmlns=\"https://developers.google.com/blockly/xml\"><variables><variable type=\"Entity\" id=\"Insideoutcreeper\">Insideoutcreeper</variable></variables><block type=\"event_trigger\" deletable=\"false\" x=\"40\" y=\"40\"><field name=\"trigger\">explosion_occurs</field><next><block type=\"entity_execute_command\"><value name=\"command\"><block type=\"text\"><field name=\"TEXT\">explode</field></block></value><value name=\"entity\"><block type=\"variables_get_entity\"><mutation xmlns=\"http://www.w3.org/1999/xhtml\" is_player_var=\"false\" has_entity=\"false\"></mutation><field name=\"VAR\">local:Insideoutcreeper</field></block></value></block></next></block></xml>",
    "skipDependencyNullCheck": false
  }
}