{
  "_fv": 79,
  "_type": "livingentity",
  "definition": {
    "mobName": "Inside Out Creeper",
    "mobLabel": "",
    "mobModelName": "Creeper",
    "mobModelTexture": "creeper.png",
    "transparentModelCondition": {
      "fixedValue": true
    },
    "isShakingCondition": {
      "fixedValue": true
    },
    "solidBoundingBox": {
      "fixedValue": true
    },
    "visualScale": {
      "fixedValue": 1.0
    },
    "boundingBoxScale": {
      "fixedValue": 1.0
    },
    "modelLayers": [
      {
        "model": "Default",
        "texture": "creeper.png",
        "disableHurtOverlay": false,
        "glow": false
      }
    ],
    "animations": [],
    "modelWidth": 2.7,
    "modelHeight": 6.3,
    "modelShadowSize": 2.7,
    "mountedYOffset": 6.3,
    "hasSpawnEgg": true,
    "spawnEggBaseColor": {
      "value": -1,
      "falpha": 0.0
    },
    "spawnEggDotColor": {
      "value": -1,
      "falpha": 0.0
    },
    "creativeTabs": [
      {
        "value": "MISC"
      }
    ],
    "isBoss": false,
    "bossBarColor": "PINK",
    "bossBarType": "PROGRESS",
    "equipmentMainHand": {
      "value": ""
    },
    "equipmentOffHand": {
      "value": ""
    },
    "equipmentHelmet": {
      "value": ""
    },
    "equipmentBody": {
      "value": ""
    },
    "equipmentLeggings": {
      "value": ""
    },
    "equipmentBoots": {
      "value": ""
    },
    "mobBehaviourType": "Mob",
    "mobCreatureType": "UNDEFINED",
    "attackStrength": 3,
    "attackKnockback": 5.0,
    "knockbackResistance": 6.0,
    "movementSpeed": 2.7,
    "stepHeight": 6.3,
    "armorBaseValue": 4.0,
    "trackingRange": 63,
    "followRange": 27,
    "health": 10,
    "xpAmount": 0,
    "waterMob": false,
    "breatheUnderwater": {
      "fixedValue": true
    },
    "pushedByFluids": {
      "fixedValue": true
    },
    "flyingMob": true,
    "inventorySize": 0,
    "inventoryStackSize": 99,
    "disableCollisions": false,
    "ridable": false,
    "canControlForward": false,
    "canControlStrafe": false,
    "immuneToFire": true,
    "immuneToArrows": false,
    "immuneToFallDamage": false,
    "immuneToCactus": false,
    "immuneToDrowning": true,
    "immuneToLightning": false,
    "immuneToPotions": false,
    "immuneToPlayer": false,
    "immuneToExplosion": false,
    "immuneToTrident": false,
    "immuneToAnvil": false,
    "immuneToWither": false,
    "immuneToDragonBreath": false,
    "mobDrop": {
      "value": "Items.GUNPOWDER"
    },
    "livingSound": {
      "value": "entity.creeper.primed"
    },
    "hurtSound": {
      "value": "entity.creeper.hurt"
    },
    "deathSound": {
      "value": "entity.creeper.death"
    },
    "stepSound": {
      "value": "block.note_block.imitate.creeper"
    },
    "raidCelebrationSound": {
      "value": ""
    },
    "entityDataEntries": [
      {
        "min": -2147483648,
        "max": 2147483647,
        "name": "Insideoutcreeper",
        "type": "integer",
        "value": 2763
      }
    ],
    "onStruckByLightning": {
      "name": "TntarmorHelmetTickEvent"
    },
    "whenMobFalls": {
      "name": "TntarmorHelmetTickEvent"
    },
    "whenMobDies": {
      "name": "TntarmorHelmetTickEvent"
    },
    "whenMobIsHurt": {
      "name": "TntarmorHelmetTickEvent"
    },
    "onRightClickedOn": {
      "name": "TntarmorHelmetTickEvent"
    },
    "whenThisMobKillsAnother": {
      "name": "TntarmorHelmetTickEvent"
    },
    "onMobTickUpdate": {
      "name": "TntarmorHelmetTickEvent"
    },
    "onPlayerCollidesWith": {
      "name": "TntarmorHelmetTickEvent"
    },
    "onInitialSpawn": {
      "name": "TntarmorHelmetTickEvent"
    },
    "hasAI": true,
    "aiBase": "(none)",
    "aixml": "<xml xmlns=\"https://developers.google.com/blockly/xml\"><block type=\"aitasks_container\" deletable=\"false\" x=\"40\" y=\"40\"><next><block type=\"attack_on_collide\"><field name=\"speed\">1.2</field><field name=\"longmemory\">TRUE</field><field name=\"condition\">null,null</field><next><block type=\"wander\"><field name=\"speed\">1</field><field name=\"condition\">null,null</field><next><block type=\"attack_action\"><field name=\"callhelp\">TRUE</field><field name=\"condition\">null,null</field><next><block type=\"look_around\"><field name=\"condition\">null,null</field><next><block type=\"swim_in_water\"><field name=\"condition\">null,null</field></block></next></block></next></block></next></block></next></block></next></block></xml>",
    "breedable": false,
    "tameable": false,
    "breedTriggerItems": [],
    "ranged": false,
    "rangedAttackItem": {
      "value": ""
    },
    "rangedItemType": "Default item",
    "rangedAttackInterval": 20,
    "rangedAttackRadius": 10.0,
    "spawnThisMob": true,
    "doesDespawnWhenIdle": false,
    "spawningProbability": 1000,
    "mobSpawningType": "monster",
    "minNumberOfMobsPerGroup": 37,
    "maxNumberOfMobsPerGroup": 108,
    "restrictionBiomes": [
      {
        "value": "meadow"
      }
    ],
    "spawnInDungeons": true,
    "raidSpawnsCount": [
      4,
      3,
      3,
      4,
      4,
      4,
      2
    ],
    "sensitiveToVibration": true,
    "vibrationalEvents": [
      {
        "value": "ENTITY_DIE"
      }
    ],
    "vibrationSensitivityRadius": {
      "fixedValue": 2763.0
    },
    "onReceivedVibration": {
      "name": "TntarmorHelmetTickEvent"
    }
  }
}