{
  "_fv": 79,
  "_type": "achievement",
  "definition": {
    "achievementName": "Oh No Playeryoulitmyfuuuuuuuse",
    "achievementDescription": "get all the tnt stuff so far",
    "achievementIcon": {
      "value": "CUSTOM:Bombyblock"
    },
    "background": "Default",
    "disableDisplay": true,
    "showPopup": true,
    "announceToChat": true,
    "hideIfNotCompleted": true,
    "rewardLoot": [],
    "rewardRecipes": [
      "Bombyblockrecipie"
    ],
    "rewardXP": 2763,
    "achievementType": "task",
    "parent": {
      "value": "adventure/adventuring_time"
    },
    "triggerxml": "<xml xmlns=\"https://developers.google.com/blockly/xml\"><block type=\"advancement_trigger\" deletable=\"false\" x=\"40\" y=\"80\"><next><block type=\"item_damaged\"><value name=\"item\"><block type=\"mcitem_all\"><field name=\"value\">CUSTOM:Tntaxe</field></block></value><value name=\"amount_l\"><block type=\"math_number\"><field name=\"NUM\">16000</field></block></value><value name=\"amount_h\"><block type=\"math_number\"><field name=\"NUM\">16000</field></block></value><next><block type=\"item_damaged\"><value name=\"item\"><block type=\"mcitem_all\"><field name=\"value\">CUSTOM:Tntsword</field></block></value><value name=\"amount_l\"><block type=\"math_number\"><field name=\"NUM\">16000</field></block></value><value name=\"amount_h\"><block type=\"math_number\"><field name=\"NUM\">16000</field></block></value><next><block type=\"item_damaged\"><value name=\"item\"><block type=\"mcitem_all\"><field name=\"value\">CUSTOM:Tntingot</field></block></value><value name=\"amount_l\"><block type=\"math_number\"><field name=\"NUM\">16000</field></block></value><value name=\"amount_h\"><block type=\"math_number\"><field name=\"NUM\">16000</field></block></value><next><block type=\"block_placed\"><value name=\"block\"><block type=\"mcitem_allblocks\"><field name=\"value\">Blocks.TNT</field></block></value><next><block type=\"block_placed\"><value name=\"block\"><block type=\"mcitem_allblocks\"><field name=\"value\">CUSTOM:Grasstnt</field></block></value><next><block type=\"block_placed\"><value name=\"block\"><block type=\"mcitem_allblocks\"><field name=\"value\">CUSTOM:Tntore</field></block></value></block></next></block></next></block></next></block></next></block></next></block></next></block></xml>"
  }
}