{
  "_fv": 79,
  "_type": "achievement",
  "definition": {
    "achievementName": "Owhere Nare Ewe?",
    "achievementDescription": "Enter The TNT dimension",
    "achievementIcon": {
      "value": "CUSTOM:TNTWood"
    },
    "background": "Default",
    "disableDisplay": true,
    "showPopup": true,
    "announceToChat": true,
    "hideIfNotCompleted": true,
    "rewardLoot": [],
    "rewardRecipes": [
      "TNTWoodRecipie"
    ],
    "rewardXP": 2763,
    "achievementType": "goal",
    "parent": {
      "value": "story/enter_the_end"
    },
    "triggerxml": "<xml xmlns=\"https://developers.google.com/blockly/xml\"><block type=\"advancement_trigger\" deletable=\"false\" x=\"40\" y=\"80\"><next><block type=\"dimension_entered\"><field name=\"dimension\">CUSTOM:TNTDemension</field></block></next></block></xml>"
  }
}