{
  "_fv": 79,
  "_type": "armor",
  "definition": {
    "enableHelmet": true,
    "textureHelmet": "tntarmor_head",
    "enableBody": true,
    "textureBody": "tntarmor_body",
    "enableLeggings": true,
    "textureLeggings": "tntarmor_leggings",
    "enableBoots": true,
    "textureBoots": "tntarmor_boots",
    "onHelmetTick": {
      "name": "TntarmorHelmetTickEvent"
    },
    "onBodyTick": {
      "name": "TntarmorHelmetTickEvent"
    },
    "onLeggingsTick": {
      "name": "TntarmorHelmetTickEvent"
    },
    "onBootsTick": {
      "name": "TntarmorHelmetTickEvent"
    },
    "creativeTabs": [
      {
        "value": "COMBAT"
      }
    ],
    "armorTextureFile": "tntarmor",
    "helmetName": "Tntarmor Helmet",
    "bodyName": "Tntarmor Chestplate",
    "leggingsName": "Tntarmor Leggings",
    "bootsName": "Tntarmor Boots",
    "helmetSpecialInformation": {
      "fixedValue": []
    },
    "bodySpecialInformation": {
      "fixedValue": []
    },
    "leggingsSpecialInformation": {
      "fixedValue": []
    },
    "bootsSpecialInformation": {
      "fixedValue": []
    },
    "helmetModelName": "Default",
    "helmetModelPart": "Helmet",
    "helmetModelTexture": "From armor",
    "bodyModelName": "Default",
    "bodyModelPart": "Body",
    "armsModelPartL": "Arms L",
    "armsModelPartR": "Arms R",
    "bodyModelTexture": "From armor",
    "leggingsModelName": "Default",
    "leggingsModelPartL": "Leggings L",
    "leggingsModelPartR": "Leggings R",
    "leggingsModelTexture": "From armor",
    "bootsModelName": "Default",
    "bootsModelPartL": "Boots L",
    "bootsModelPartR": "Boots R",
    "bootsModelTexture": "From armor",
    "helmetItemRenderType": 0,
    "helmetItemCustomModelName": "Normal",
    "bodyItemRenderType": 0,
    "bodyItemCustomModelName": "Normal",
    "leggingsItemRenderType": 0,
    "leggingsItemCustomModelName": "Normal",
    "bootsItemRenderType": 0,
    "bootsItemCustomModelName": "Normal",
    "helmetImmuneToFire": false,
    "bodyImmuneToFire": false,
    "leggingsImmuneToFire": false,
    "bootsImmuneToFire": false,
    "helmetGlowCondition": {
      "fixedValue": false
    },
    "bodyGlowCondition": {
      "fixedValue": false
    },
    "leggingsGlowCondition": {
      "fixedValue": false
    },
    "bootsGlowCondition": {
      "fixedValue": false
    },
    "helmetPiglinNeutral": {
      "fixedValue": false
    },
    "bodyPiglinNeutral": {
      "fixedValue": false
    },
    "leggingsPiglinNeutral": {
      "fixedValue": false
    },
    "bootsPiglinNeutral": {
      "fixedValue": false
    },
    "maxDamage": 15,
    "damageValueHelmet": 2,
    "damageValueBody": 7,
    "damageValueLeggings": 6,
    "damageValueBoots": 3,
    "enchantability": 2763,
    "toughness": 27.63,
    "knockbackResistance": 0.0,
    "equipSound": {
      "value": "ambient.cave"
    },
    "repairItems": [
      {
        "value": "CUSTOM:Tntingot"
      }
    ]
  }
}