{
  "_fv": 79,
  "_type": "procedure",
  "definition": {
    "procedurexml": "<xml xmlns=\"https://developers.google.com/blockly/xml\"><variables><variable type=\"ActionResultType\" id=\"fly\">fly</variable></variables><block type=\"event_trigger\" deletable=\"false\" x=\"87\" y=\"33\"><field name=\"trigger\">entity_travels_to_dimension</field><next><block type=\"explode\"><field name=\"mode\">TNT</field><value name=\"x\"><block type=\"coord_y\"></block></value><value name=\"y\"><block type=\"coord_z\"></block></value><value name=\"z\"><block type=\"coord_x\"></block></value><value name=\"power\"><block type=\"math_number\"><field name=\"NUM\">2763</field></block></value><next><block type=\"entity_set_flying\"><value name=\"entity\"><block type=\"entity_from_deps\"></block></value><value name=\"condition\"><block type=\"logic_boolean\"><field name=\"BOOL\">TRUE</field></block></value><next><block type=\"entity_allow_building\"><value name=\"entity\"><block type=\"entity_from_deps\"></block></value><value name=\"condition\"><block type=\"logic_boolean\"><field name=\"BOOL\">TRUE</field></block></value></block></next></block></next></block></next></block></xml>",
    "skipDependencyNullCheck": false
  }
}