{
  "_fv": 79,
  "_type": "biome",
  "definition": {
    "name": "TNT Biome",
    "groundBlock": {
      "value": "CUSTOM:Grasstnt"
    },
    "undergroundBlock": {
      "value": "CUSTOM:Tntdirt"
    },
    "underwaterBlock": {
      "value": "CUSTOM:TNTGravel"
    },
    "airColor": {
      "value": -3407872,
      "falpha": 0.0
    },
    "fogColor": {
      "value": -16777216,
      "falpha": 0.0
    },
    "grassColor": {
      "value": -256,
      "falpha": 0.0
    },
    "foliageColor": {
      "value": -39424,
      "falpha": 0.0
    },
    "waterColor": {
      "value": -52429,
      "falpha": 0.0
    },
    "waterFogColor": {
      "value": -3381760,
      "falpha": 0.0
    },
    "ambientSound": {
      "value": "entity.cat.eat"
    },
    "additionsSound": {
      "value": "entity.creeper.primed"
    },
    "music": {
      "value": "music.overworld.meadow"
    },
    "moodSound": {
      "value": "music.creative"
    },
    "moodSoundDelay": 2763,
    "spawnParticles": true,
    "particleToSpawn": {
      "value": "ASH"
    },
    "particlesProbability": 29.400000000000002,
    "rainingPossibility": 1.0,
    "temperature": 2.0,
    "spawnBiome": true,
    "spawnInCaves": true,
    "spawnBiomeNether": true,
    "genTemperature": {
      "min": -0.5025999999999999,
      "max": 0.5008
    },
    "genHumidity": {
      "min": -0.5031,
      "max": 0.5074
    },
    "genContinentalness": {
      "min": 0.29460000000000003,
      "max": 1.0064
    },
    "genErosion": {
      "min": -0.5087,
      "max": 0.5028
    },
    "genWeirdness": {
      "min": -1.0036,
      "max": 1.0072
    },
    "treesPerChunk": 256,
    "vanillaTreeType": "Big trees",
    "treeType": 1,
    "minHeight": 32,
    "treeStem": {
      "value": "CUSTOM:TNTWood"
    },
    "treeBranch": {
      "value": "CUSTOM:TNTWood"
    },
    "treeVines": {
      "value": "CUSTOM:TNTLeaves"
    },
    "treeFruits": {
      "value": "Blocks.CANDLE_CAKE#15"
    },
    "defaultFeatures": [
      "Caves",
      "Ores",
      "FrozenTopLayer"
    ],
    "spawnStronghold": true,
    "spawnMineshaft": true,
    "spawnMineshaftMesa": true,
    "spawnPillagerOutpost": true,
    "villageType": "savanna",
    "spawnWoodlandMansion": true,
    "spawnJungleTemple": true,
    "spawnDesertPyramid": true,
    "spawnSwampHut": true,
    "spawnIgloo": true,
    "spawnOceanMonument": true,
    "spawnShipwreck": true,
    "spawnShipwreckBeached": true,
    "spawnBuriedTreasure": true,
    "oceanRuinType": "WARM",
    "spawnNetherBridge": true,
    "spawnNetherFossil": true,
    "spawnBastionRemnant": true,
    "spawnEndCity": true,
    "spawnRuinedPortal": "NETHER",
    "spawnEntries": [
      {
        "entity": {
          "value": "CUSTOM:InsideOutCreeper"
        },
        "minGroup": 4,
        "maxGroup": 4,
        "weight": 20,
        "spawnType": "monster"
      }
    ]
  }
}