{
  "_fv": 79,
  "_type": "dimension",
  "definition": {
    "biomesInDimension": [
      {
        "value": "CUSTOM:TNTBiome"
      },
      {
        "value": "meadow"
      },
      {
        "value": "nether"
      }
    ],
    "worldGenType": "End like gen",
    "mainFillerBlock": {
      "value": "CUSTOM:Grasstnt"
    },
    "fluidBlock": {
      "value": "Blocks.WATER"
    },
    "seaLevel": 21,
    "generateOreVeins": true,
    "generateAquifers": true,
    "horizontalNoiseSize": 4,
    "verticalNoiseSize": 4,
    "defaultEffects": "the_end",
    "useCustomEffects": true,
    "hasClouds": true,
    "cloudHeight": 27.63,
    "skyType": "NORMAL",
    "airColor": {
      "value": -3381760,
      "falpha": 0.0
    },
    "sunHeightAffectsFog": true,
    "canRespawnHere": true,
    "hasFog": true,
    "ambientLight": 1.0,
    "doesWaterVaporize": true,
    "hasFixedTime": true,
    "fixedTimeValue": 2763,
    "coordinateScale": 1.0,
    "infiniburnTag": "minecraft:infiniburn_overworld",
    "bedWorks": true,
    "hasSkyLight": true,
    "imitateOverworldBehaviour": true,
    "piglinSafe": true,
    "hasRaids": true,
    "minMonsterSpawnLightLimit": 2,
    "maxMonsterSpawnLightLimit": 7,
    "monsterSpawnBlockLightLimit": 0,
    "onPlayerEntersDimension": {
      "name": "TntarmorHelmetTickEvent"
    },
    "onPlayerLeavesDimension": {
      "name": "InsideOutCreeperNaturalEntitySpawningCondition"
    },
    "portalFrame": {
      "value": "CUSTOM:Bombyblock"
    },
    "portalParticles": {
      "value": "PORTAL"
    },
    "portalLuminance": 0,
    "portalSound": {
      "value": "block.portal.ambient"
    },
    "enableIgniter": true,
    "igniterName": "TNT Demension Portal Igniter",
    "igniterRarity": "EPIC",
    "specialInformation": {
      "fixedValue": []
    },
    "creativeTabs": [
      {
        "value": "TOOLS"
      }
    ],
    "texture": "tntgunpowder",
    "portalTexture": "bombyblock",
    "enablePortal": true,
    "whenPortaTriggerlUsed": {
      "name": "TntarmorHelmetTickEvent"
    },
    "onPortalTickUpdate": {
      "name": "InsideOutCreeperNaturalEntitySpawningCondition"
    }
  }
}