{
  "_fv": 79,
  "_type": "item",
  "definition": {
    "renderType": 0,
    "texture": "tntgunpowder",
    "customModelName": "Normal",
    "guiTexture": "tntgunpowder",
    "customProperties": {},
    "states": [],
    "name": "TNT Gunpowder",
    "rarity": "EPIC",
    "creativeTabs": [
      {
        "value": "MATERIALS"
      }
    ],
    "stackSize": 64,
    "enchantability": 0,
    "useDuration": 0,
    "toolType": 0.0,
    "damageCount": 0,
    "recipeRemainder": {
      "value": ""
    },
    "destroyAnyBlock": true,
    "immuneToFire": true,
    "stayInGridWhenCrafting": true,
    "damageOnCrafting": false,
    "enableMeleeDamage": false,
    "damageVsEntity": 0.0,
    "specialInformation": {
      "fixedValue": []
    },
    "glowCondition": {
      "fixedValue": true
    },
    "inventorySize": 10,
    "inventoryStackSize": 64,
    "onRightClickedInAir": {
      "name": "TntarmorHelmetTickEvent"
    },
    "onRightClickedOnBlock": {
      "name": "InsideOutCreeperNaturalEntitySpawningCondition"
    },
    "onCrafted": {
      "name": "TntarmorHelmetTickEvent"
    },
    "onEntityHitWith": {
      "name": "InsideOutCreeperNaturalEntitySpawningCondition"
    },
    "onItemInInventoryTick": {
      "name": "TntarmorHelmetTickEvent"
    },
    "onItemInUseTick": {
      "name": "InsideOutCreeperNaturalEntitySpawningCondition"
    },
    "onStoppedUsing": {
      "name": "TntarmorHelmetTickEvent"
    },
    "onEntitySwing": {
      "name": "InsideOutCreeperNaturalEntitySpawningCondition"
    },
    "onDroppedByPlayer": {
      "name": "TntarmorHelmetTickEvent"
    },
    "onFinishUsingItem": {
      "name": "InsideOutCreeperNaturalEntitySpawningCondition"
    },
    "enableRanged": false,
    "shootConstantly": false,
    "rangedItemChargesPower": false,
    "projectile": {
      "value": "Arrow"
    },
    "projectileDisableAmmoCheck": false,
    "isFood": false,
    "nutritionalValue": 4,
    "saturation": 0.3,
    "eatResultItem": {
      "value": ""
    },
    "isMeat": false,
    "isAlwaysEdible": false,
    "animation": "none",
    "isMusicDisc": false,
    "musicDiscMusic": {
      "value": ""
    },
    "musicDiscDescription": "",
    "musicDiscLengthInTicks": 100,
    "musicDiscAnalogOutput": 0,
    "providedBannerPatterns": []
  }
}