{
  "_fv": 79,
  "_type": "recipe",
  "definition": {
    "recipeType": "Crafting",
    "recipeRetstackSize": 1,
    "group": "tntitems",
    "unlockingItems": [
      {
        "value": "CUSTOM:Tntore"
      }
    ],
    "cookingBookCategory": "MISC",
    "xpReward": 0.0,
    "cookingTime": 200,
    "craftingBookCategory": "MISC",
    "recipeShapeless": true,
    "recipeSlots": [
      {
        "value": "Blocks.TNT"
      },
      {
        "value": "Blocks.TNT"
      },
      {
        "value": "Blocks.TNT"
      },
      {
        "value": "Blocks.TNT"
      },
      {
        "value": "Items.COPPER_INGOT"
      },
      {
        "value": "Blocks.TNT"
      },
      {
        "value": "Blocks.TNT"
      },
      {
        "value": "Blocks.TNT"
      },
      {
        "value": "Blocks.TNT"
      }
    ],
    "recipeReturnStack": {
      "value": "CUSTOM:Tntingot"
    },
    "name": "tntingotrecipie",
    "namespace": "mod"
  }
}