{
  "_fv": 79,
  "_type": "block",
  "definition": {
    "texture": "tnt_ore",
    "textureTop": "tnt_ore",
    "textureLeft": "tnt_ore",
    "textureFront": "tnt_ore",
    "textureRight": "tnt_ore",
    "textureBack": "tnt_ore",
    "renderType": 10,
    "customModelName": "Normal",
    "rotationMode": 1,
    "enablePitch": true,
    "emissiveRendering": false,
    "displayFluidOverlay": true,
    "animations": [],
    "itemTexture": "minecraft:tnt_minecart",
    "particleTexture": "tnt_ore",
    "blockSetType": "OAK",
    "tintType": "No tint",
    "isItemTinted": true,
    "hasTransparency": true,
    "connectedSides": true,
    "transparencyType": "SOLID",
    "disableOffset": false,
    "boundingBoxes": [
      {
        "mx": 0.0,
        "my": 0.0,
        "mz": 0.0,
        "Mx": 16.0,
        "My": 16.0,
        "Mz": 16.0,
        "subtract": false
      }
    ],
    "customProperties": [
      {
        "name": "FALLING",
        "type": "logic",
        "value": false
      }
    ],
    "name": "Tntore",
    "specialInformation": {
      "fixedValue": []
    },
    "hardness": 1.0,
    "resistance": 10.0,
    "hasGravity": false,
    "isWaterloggable": true,
    "hasBlockItem": true,
    "maxStackSize": 64,
    "rarity": "COMMON",
    "immuneToFire": false,
    "creativeTabs": [],
    "destroyTool": "pickaxe",
    "customDrop": {
      "value": "CUSTOM:Tntingot"
    },
    "dropAmount": 1,
    "useLootTableForDrops": false,
    "requiresCorrectTool": true,
    "enchantPowerBonus": 0.0,
    "plantsGrowOn": false,
    "canRedstoneConnect": false,
    "lightOpacity": 15,
    "tickRate": 0,
    "tickRandomly": true,
    "isReplaceable": false,
    "canProvidePower": false,
    "emittedRedstonePower": {
      "fixedValue": 15.0
    },
    "colorOnMap": "DEFAULT",
    "noteBlockInstrument": "harp",
    "creativePickItem": {
      "value": "CUSTOM:Tntore"
    },
    "offsetType": "XYZ",
    "aiPathNodeType": "DEFAULT",
    "ignitedByLava": false,
    "flammability": 0,
    "fireSpreadSpeed": 0,
    "isLadder": false,
    "slipperiness": 0.6,
    "speedFactor": 1.0,
    "jumpFactor": 1.0,
    "reactionToPushing": "NORMAL",
    "isNotColidable": false,
    "isCustomSoundType": false,
    "soundOnStep": {
      "value": "GROUND"
    },
    "breakSound": {
      "value": ""
    },
    "fallSound": {
      "value": ""
    },
    "hitSound": {
      "value": ""
    },
    "placeSound": {
      "value": ""
    },
    "stepSound": {
      "value": ""
    },
    "luminance": 0,
    "unbreakable": false,
    "vanillaToolTier": "DIAMOND",
    "isBonemealable": false,
    "sensitiveToVibration": false,
    "vibrationalEvents": [],
    "vibrationSensitivityRadius": {
      "fixedValue": 7.0
    },
    "hasInventory": false,
    "openGUIOnRightClick": false,
    "inventorySize": 9,
    "inventoryStackSize": 99,
    "inventoryDropWhenDestroyed": true,
    "inventoryComparatorPower": true,
    "inventoryOutSlotIDs": [],
    "inventoryInSlotIDs": [],
    "hasEnergyStorage": false,
    "energyInitial": 0,
    "energyCapacity": 400000,
    "energyMaxReceive": 200,
    "energyMaxExtract": 200,
    "isFluidTank": false,
    "fluidCapacity": 8000,
    "fluidRestrictions": [],
    "onRightClicked": {
      "name": "TntarmorHelmetTickEvent"
    },
    "onBlockAdded": {
      "name": "InsideOutCreeperNaturalEntitySpawningCondition"
    },
    "onTickUpdate": {
      "name": "InsideOutCreeperNaturalEntitySpawningCondition"
    },
    "onRandomUpdateEvent": {
      "name": "TntarmorHelmetTickEvent"
    },
    "onDestroyedByPlayer": {
      "name": "TntarmorHelmetTickEvent"
    },
    "onDestroyedByExplosion": {
      "name": "InsideOutCreeperNaturalEntitySpawningCondition"
    },
    "onStartToDestroy": {
      "name": "TntarmorHelmetTickEvent"
    },
    "onEntityCollides": {
      "name": "InsideOutCreeperNaturalEntitySpawningCondition"
    },
    "onEntityWalksOn": {
      "name": "TntarmorHelmetTickEvent"
    },
    "onBlockPlayedBy": {
      "name": "TntarmorHelmetTickEvent"
    },
    "onRedstoneOn": {
      "name": "InsideOutCreeperNaturalEntitySpawningCondition"
    },
    "onRedstoneOff": {
      "name": "InsideOutCreeperNaturalEntitySpawningCondition"
    },
    "onHitByProjectile": {
      "name": "InsideOutCreeperNaturalEntitySpawningCondition"
    },
    "generateFeature": true,
    "restrictionBiomes": [
      {
        "value": "deep_dark"
      }
    ],
    "blocksToReplace": [
      {
        "value": "TAG:stone_ore_replaceables"
      },
      {
        "value": "CUSTOM:Tntore"
      }
    ],
    "generationShape": "UNIFORM",
    "frequencyPerChunks": 64,
    "frequencyOnChunk": 64,
    "minGenerateHeight": 100,
    "maxGenerateHeight": 1000
  }
}