{
  "_fv": 79,
  "_type": "recipe",
  "definition": {
    "recipeType": "Crafting",
    "recipeRetstackSize": 1,
    "group": "tntitems",
    "unlockingItems": [
      {
        "value": "CUSTOM:Tntingot"
      }
    ],
    "cookingBookCategory": "MISC",
    "xpReward": 0.0,
    "cookingTime": 200,
    "craftingBookCategory": "MISC",
    "recipeShapeless": true,
    "recipeSlots": [
      {
        "value": "Items.STICK"
      },
      {
        "value": "Items.STICK"
      },
      {
        "value": "CUSTOM:Tntingot"
      },
      {
        "value": "CUSTOM:Tntingot"
      },
      {
        "value": "CUSTOM:Tntingot"
      },
      {
        "value": "Items.STICK"
      },
      {
        "value": "CUSTOM:Tntingot"
      },
      {
        "value": "CUSTOM:Tntingot"
      },
      {
        "value": "Items.STICK"
      }
    ],
    "recipeReturnStack": {
      "value": "CUSTOM:Tntsword"
    },
    "name": "tntswordrecipie",
    "namespace": "mod"
  }
}