{
  "criteria": {
    "oh_no_playeryoulitmyfuuuuuuuse_0": {
      "trigger": "minecraft:item_durability_changed",
      "conditions": {
        "item": {
          "items": [
            "hayden_july__mc_gamers:tntaxe"
          ],
          "predicates": {
            "minecraft:damage": {
              "durability": {
                "min": 16000,
                "max": 16000
              }
            }
          }
        }
      }
    },
    "oh_no_playeryoulitmyfuuuuuuuse_1": {
      "trigger": "minecraft:item_durability_changed",
      "conditions": {
        "item": {
          "items": [
            "hayden_july__mc_gamers:tntsword"
          ],
          "predicates": {
            "minecraft:damage": {
              "durability": {
                "min": 16000,
                "max": 16000
              }
            }
          }
        }
      }
    },
    "oh_no_playeryoulitmyfuuuuuuuse_2": {
      "trigger": "minecraft:item_durability_changed",
      "conditions": {
        "item": {
          "items": [
            "hayden_july__mc_gamers:tntingot"
          ],
          "predicates": {
            "minecraft:damage": {
              "durability": {
                "min": 16000,
                "max": 16000
              }
            }
          }
        }
      }
    },
    "oh_no_playeryoulitmyfuuuuuuuse_3": {
      "trigger": "minecraft:placed_block",
      "conditions": {
        "location": [
          {
            "condition": "minecraft:block_state_property",
            "block": "minecraft:tnt"
          }
        ]
      }
    },
    "oh_no_playeryoulitmyfuuuuuuuse_4": {
      "trigger": "minecraft:placed_block",
      "conditions": {
        "location": [
          {
            "condition": "minecraft:block_state_property",
            "block": "hayden_july__mc_gamers:grasstnt"
          }
        ]
      }
    },
    "oh_no_playeryoulitmyfuuuuuuuse_5": {
      "trigger": "minecraft:placed_block",
      "conditions": {
        "location": [
          {
            "condition": "minecraft:block_state_property",
            "block": "hayden_july__mc_gamers:tntore"
          }
        ]
      }
    }
  },
  "rewards": {
    "experience": 2763,
    "recipes": [
      "hayden_july__mc_gamers:bombyblockrecipie"
    ]
  },
  "parent": "minecraft:adventure/adventuring_time"
}