{
  "type": "minecraft:vegetation_patch",
  "config": {
    "surface": "floor",
    "xz_radius": {
      "type": "uniform",
      "min_inclusive": 4,
      "max_inclusive": 7
    },
    "vertical_range": 2,
    "vegetation_feature": {
      "feature": "john_july_mc_gamer:gregplant",
      "placement": []
    },
    "vegetation_chance": 0.09,
    "ground_state": {
      "type": "minecraft:simple_state_provider",
      "state": {
        "Name": "john_july_mc_gamer:greg"
      }
    },
    "replaceable": "#lush_ground_replaceable",
    "depth": 3,
    "extra_bottom_block_chance": 0.8,
    "extra_edge_column_chance": 0.7
  }
}