{
  "parent": "block/cube",
  "textures": {
    "down": "evie__july_mc_gamer:block/wrserrhdgzhrbxdgdhdjndf096hcm",
    "up": "evie__july_mc_gamer:block/wrserrhdgzhrbxdgdhdjndf096hcm",
    "north": "evie__july_mc_gamer:block/wrserrhdgzhrbxdgdhdjndf096hcm",
    "east": "evie__july_mc_gamer:block/wrserrhdgzhrbxdgdhdjndf096hcm",
    "south": "evie__july_mc_gamer:block/wrserrhdgzhrbxdgdhdjndf096hcm",
    "west": "evie__july_mc_gamer:block/wrserrhdgzhrbxdgdhdjndf096hcm",
    "particle": "evie__july_mc_gamer:block/wrserrhdgzhrbxdgdhdjndf096hcm"
  },
  "render_type": "solid"
}