{
  "type": "minecraft:tree",
  "config": {
    "force_dirt": false,
    "ignore_vines": true,
    "minimum_size": {
      "type": "minecraft:two_layers_feature_size",
      "limit": 1,
      "lower_size": 1,
      "upper_size": 2
    },
    "dirt_provider": {
      "type": "minecraft:simple_state_provider",
      "state": {
        "Name": "levi__july_mc_gamer:script"
      }
    },
    "trunk_provider": {
      "type": "minecraft:simple_state_provider",
      "state": {
        "Name": "levi__july_mc_gamer:coruptwood"
      }
    },
    "foliage_provider": {
      "type": "minecraft:simple_state_provider",
      "state": {
        "Name": "minecraft:tnt",
        "Properties": {
          "unstable": "false"
        }
      }
    },
    "trunk_placer": {
      "type": "minecraft:giant_trunk_placer",
      "base_height": 7,
      "height_rand_a": 2,
      "height_rand_b": 14
    },
    "foliage_placer": {
      "type": "minecraft:mega_pine_foliage_placer",
      "radius": 0,
      "offset": 0,
      "crown_height": {
        "type": "uniform",
        "min_inclusive": 13,
        "max_inclusive": 17
      }
    },
    "decorators": [
      {
        "type": "levi__july_mc_gamer:biomemcbiomeface_tree_fruit_decorator"
      },
      {
        "type": "levi__july_mc_gamer:biomemcbiomeface_tree_trunk_decorator"
      },
      {
        "type": "levi__july_mc_gamer:biomemcbiomeface_tree_leave_decorator"
      }
    ]
  }
}