{
  "_fv": 79,
  "_type": "recipe",
  "definition": {
    "recipeType": "Crafting",
    "recipeRetstackSize": 1,
    "group": "",
    "unlockingItems": [
      {
        "value": "CUSTOM:Meltedmesscore"
      }
    ],
    "cookingBookCategory": "MISC",
    "xpReward": 0.0,
    "cookingTime": 200,
    "craftingBookCategory": "MISC",
    "recipeShapeless": false,
    "recipeSlots": [
      {
        "value": "CUSTOM:Meltedmesscore"
      },
      {
        "value": "Items.DIAMOND"
      },
      {
        "value": ""
      },
      {
        "value": "CUSTOM:Dragoningot"
      },
      {
        "value": "Blocks.AMETHYST_CLUSTER"
      },
      {
        "value": ""
      },
      {
        "value": "Items.STICK"
      },
      {
        "value": ""
      },
      {
        "value": ""
      }
    ],
    "recipeReturnStack": {
      "value": "CUSTOM:Dragonsword"
    },
    "name": "dragonswordmake",
    "namespace": "mod"
  }
}