{
  "_fv": 79,
  "_type": "recipe",
  "definition": {
    "recipeType": "Smelting",
    "recipeRetstackSize": 1,
    "group": "",
    "unlockingItems": [
      {
        "value": "CUSTOM:Phioenixingot"
      }
    ],
    "cookingBookCategory": "MISC",
    "xpReward": 1.0,
    "cookingTime": 300,
    "craftingBookCategory": "MISC",
    "recipeShapeless": false,
    "smeltingInputStack": {
      "value": "CUSTOM:Phioenixingot"
    },
    "smeltingReturnStack": {
      "value": "CUSTOM:Meltedmesscore"
    },
    "name": "meltedmess",
    "namespace": "mod"
  }
}