{
  "has_precipitation": true,
  "temperature": 0.5,
  "downfall": 0.5,
  "effects": {
    "ambient_sound": "ambient.cave",
    "music": [
      {
        "weight": 1,
        "data": {
          "sound": "entity.wither.spawn",
          "min_delay": 12000,
          "max_delay": 24000,
          "replace_current_music": true
        }
      }
    ],
    "particle": {
      "options": {
        "type": "portal"
      },
      "probability": 0.005
    },
    "foliage_color": 10387789,
    "grass_color": 9470285,
    "sky_color": -6750055,
    "fog_color": -6750055,
    "water_color": 4159204,
    "water_fog_color": -6750055
  },
  "spawners": {
    "monster": [],
    "creature": [
      {
        "type": "julian_jul__mc_gamer:corupted_entity",
        "weight": 100,
        "minCount": 4,
        "maxCount": 4
      }
    ],
    "ambient": [],
    "axolotls": [],
    "underground_water_creature": [],
    "water_creature": [],
    "water_ambient": [],
    "misc": []
  },
  "spawn_costs": {},
  "carvers": [
    "minecraft:cave",
    "minecraft:cave_extra_underground",
    "minecraft:canyon"
  ],
  "features": [
    [],
    [
      "minecraft:lake_lava_underground"
    ],
    [],
    [],
    [],
    [],
    [],
    [],
    [],
    [
      "julian_jul__mc_gamer:corupted_biom_tree"
    ],
    []
  ]
}