{
  "_fv": 79,
  "_type": "recipe",
  "definition": {
    "recipeType": "Crafting",
    "recipeRetstackSize": 1,
    "group": "",
    "unlockingItems": [],
    "cookingBookCategory": "MISC",
    "xpReward": 0.0,
    "cookingTime": 200,
    "craftingBookCategory": "MISC",
    "recipeShapeless": false,
    "recipeSlots": [
      {
        "value": "CUSTOM:C00lkiddCore"
      },
      {
        "value": "CUSTOM:BLUUAX"
      },
      {
        "value": "CUSTOM:C00lkiddCore"
      },
      {
        "value": "CUSTOM:Bluusword"
      },
      {
        "value": "CUSTOM:Tinybluudud"
      },
      {
        "value": "CUSTOM:BluuPickaxe"
      },
      {
        "value": "CUSTOM:Pr3ttyPr11ncesCore"
      },
      {
        "value": "CUSTOM:BluuShovel"
      },
      {
        "value": "CUSTOM:Pr3ttyPr11ncesCore"
      }
    ],
    "recipeReturnStack": {
      "value": "CUSTOM:Bluududcore"
    },
    "name": "bluu_core",
    "namespace": "mod"
  }
}