{
  "_fv": 79,
  "_type": "biome",
  "definition": {
    "name": "Bluu Biome",
    "groundBlock": {
      "value": "CUSTOM:Sigmablock"
    },
    "undergroundBlock": {
      "value": "CUSTOM:Bluuore"
    },
    "underwaterBlock": {
      "value": "CUSTOM:Bluuore"
    },
    "fogColor": {
      "value": -10066177,
      "falpha": 0.0
    },
    "grassColor": {
      "value": -13408513,
      "falpha": 0.0
    },
    "foliageColor": {
      "value": -13421569,
      "falpha": 0.0
    },
    "waterColor": {
      "value": -16777216,
      "falpha": 0.0
    },
    "waterFogColor": {
      "value": -1,
      "falpha": 0.0
    },
    "ambientSound": {
      "value": ""
    },
    "additionsSound": {
      "value": ""
    },
    "music": {
      "value": ""
    },
    "moodSound": {
      "value": ""
    },
    "moodSoundDelay": 6000,
    "spawnParticles": false,
    "particleToSpawn": {
      "value": "ASH"
    },
    "particlesProbability": 0.5,
    "rainingPossibility": 0.5,
    "temperature": 0.5,
    "spawnBiome": true,
    "spawnInCaves": false,
    "spawnBiomeNether": true,
    "genTemperature": {
      "min": -0.5,
      "max": 0.5
    },
    "genHumidity": {
      "min": -0.5,
      "max": 0.5
    },
    "genContinentalness": {
      "min": 0.3,
      "max": 1.0
    },
    "genErosion": {
      "min": -0.5,
      "max": 0.5
    },
    "genWeirdness": {
      "min": -1.0,
      "max": 1.0
    },
    "treesPerChunk": 5,
    "vanillaTreeType": "Mega spruce trees",
    "treeType": 1,
    "minHeight": 32,
    "treeStem": {
      "value": "CUSTOM:Sigmablock"
    },
    "treeBranch": {
      "value": "Blocks.SOUL_TORCH"
    },
    "treeVines": {
      "value": "CUSTOM:Sigmablock"
    },
    "treeFruits": {
      "value": "Blocks.LIGHT_BLUE_BED"
    },
    "defaultFeatures": [
      "Caves",
      "Ores",
      "FrozenTopLayer"
    ],
    "spawnStronghold": false,
    "spawnMineshaft": false,
    "spawnMineshaftMesa": false,
    "spawnPillagerOutpost": false,
    "villageType": "none",
    "spawnWoodlandMansion": false,
    "spawnJungleTemple": false,
    "spawnDesertPyramid": false,
    "spawnSwampHut": false,
    "spawnIgloo": false,
    "spawnOceanMonument": false,
    "spawnShipwreck": false,
    "spawnShipwreckBeached": false,
    "spawnBuriedTreasure": false,
    "oceanRuinType": "NONE",
    "spawnNetherBridge": false,
    "spawnNetherFossil": false,
    "spawnBastionRemnant": false,
    "spawnEndCity": false,
    "spawnRuinedPortal": "NONE",
    "spawnEntries": [
      {
        "entity": {
          "value": "CUSTOM:Bluudud"
        },
        "minGroup": 32,
        "maxGroup": 32,
        "weight": 20,
        "spawnType": "creature"
      }
    ]
  }
}