{
  "_fv": 79,
  "_type": "potion",
  "definition": {
    "potionName": "Potion of Pee",
    "splashName": "Splash Potion of Pee",
    "lingeringName": "Lingering Potion of Pee",
    "arrowName": "Arrow of Pee",
    "effects": [
      {
        "effect": {
          "value": "STRENGTH"
        },
        "duration": 2000,
        "infinite": false,
        "amplifier": 0,
        "ambient": false,
        "showParticles": true
      },
      {
        "effect": {
          "value": "WEAKNESS"
        },
        "duration": 2000,
        "infinite": false,
        "amplifier": 0,
        "ambient": false,
        "showParticles": true
      }
    ]
  }
}