{
  "description": {
    "translate": "enchantment.levi__july_mc_gamer.damadge"
  },
  "supported_items": [
    "levi__july_mc_gamer:coruptarmor_helmet",
    "levi__july_mc_gamer:coruptarmor_chestplate",
    "levi__july_mc_gamer:coruptarmor_leggings",
    "levi__july_mc_gamer:coruptarmor_boots"
  ],
  "weight": 10,
  "max_level": 100,
  "min_cost": {
    "base": 1,
    "per_level_above_first": 10
  },
  "max_cost": {
    "base": 6,
    "per_level_above_first": 10
  },
  "anvil_cost": 1,
  "slots": [
    "any"
  ],
  "exclusive_set": [
    "protection",
    "projectile_protection"
  ],
  "effects": {
    "minecraft:damage_protection": [
      {
        "effect": {
          "type": "minecraft:add",
          "value": {
            "type": "minecraft:linear",
            "base": 999,
            "per_level_above_first": 999
          }
        }
      }
    ]
  }
}