{
  "has_precipitation": true,
  "temperature": 0.5,
  "downfall": 0.5,
  "effects": {
    "foliage_color": 10387789,
    "grass_color": 9470285,
    "sky_color": 7972607,
    "fog_color": 12638463,
    "water_color": 4159204,
    "water_fog_color": 329011
  },
  "spawners": {
    "monster": [
      {
        "type": "axolotl",
        "weight": 60,
        "minCount": 3,
        "maxCount": 60
      }
    ],
    "creature": [],
    "ambient": [],
    "axolotls": [],
    "underground_water_creature": [],
    "water_creature": [],
    "water_ambient": [],
    "misc": []
  },
  "spawn_costs": {},
  "carvers": [
    "minecraft:cave",
    "minecraft:cave_extra_underground",
    "minecraft:canyon"
  ],
  "features": [
    [],
    [
      "minecraft:lake_lava_underground"
    ],
    [],
    [],
    [],
    [],
    [
      "minecraft:ore_coal_upper",
      "minecraft:ore_coal_lower",
      "minecraft:ore_iron_upper",
      "minecraft:ore_iron_middle",
      "minecraft:ore_iron_small",
      "minecraft:ore_gold",
      "minecraft:ore_gold_lower",
      "minecraft:ore_redstone",
      "minecraft:ore_redstone_lower",
      "minecraft:ore_diamond",
      "minecraft:ore_diamond_medium",
      "minecraft:ore_diamond_large",
      "minecraft:ore_diamond_buried",
      "minecraft:ore_lapis",
      "minecraft:ore_lapis_buried",
      "minecraft:ore_copper",
      "minecraft:underwater_magma"
    ],
    [],
    [],
    [
      "miles__july_mc_gamer:awesome_tree"
    ],
    [
      "minecraft:freeze_top_layer"
    ]
  ]
}