{
  "display": {
    "icon": {
      "id": "helix_july_mc_gamer:ruby"
    },
    "title": {
      "translate": "advancements.pleasepleaseplease.title"
    },
    "description": {
      "translate": "advancements.pleasepleaseplease.descr"
    },
    "frame": "task",
    "show_toast": true,
    "announce_to_chat": true,
    "hidden": false
  },
  "criteria": {
    "pleasepleaseplease_0": {
      "trigger": "minecraft:inventory_changed",
      "conditions": {
        "items": [
          {
            "items": [
              "helix_july_mc_gamer:ruby"
            ],
            "count": {
              "min": 1,
              "max": 1
            }
          }
        ]
      }
    }
  },
  "rewards": {
    "experience": 30,
    "recipes": [
      "helix_july_mc_gamer:blockofrubyrecipe",
      "helix_july_mc_gamer:rubyswordrecipe",
      "helix_july_mc_gamer:rubypickaxerecipe",
      "helix_july_mc_gamer:rubyaxericipe"
    ]
  },
  "parent": "minecraft:adventure/adventuring_time"
}