{
  "_fv": 79,
  "_type": "biome",
  "definition": {
    "name": "Camoflaugeforest",
    "groundBlock": {
      "value": "Blocks.WARPED_HYPHAE"
    },
    "undergroundBlock": {
      "value": "CUSTOM:Twilightblock"
    },
    "underwaterBlock": {
      "value": "CUSTOM:Emeraldfragnatsore"
    },
    "airColor": {
      "value": -16724788,
      "falpha": 0.0
    },
    "fogColor": {
      "value": -3342337,
      "falpha": 0.0
    },
    "grassColor": {
      "value": -16776961,
      "falpha": 0.0
    },
    "foliageColor": {
      "value": -16711732,
      "falpha": 0.0
    },
    "waterColor": {
      "value": -16751002,
      "falpha": 0.0
    },
    "waterFogColor": {
      "value": -65281,
      "falpha": 0.0
    },
    "ambientSound": {
      "value": ""
    },
    "additionsSound": {
      "value": ""
    },
    "music": {
      "value": ""
    },
    "moodSound": {
      "value": ""
    },
    "moodSoundDelay": 6000,
    "spawnParticles": false,
    "particleToSpawn": {
      "value": "ASH"
    },
    "particlesProbability": 0.5,
    "rainingPossibility": 0.5,
    "temperature": 0.5,
    "spawnBiome": true,
    "spawnInCaves": false,
    "spawnBiomeNether": false,
    "genTemperature": {
      "min": -0.509,
      "max": 0.5121
    },
    "genHumidity": {
      "min": -0.5048,
      "max": 0.5327999999999999
    },
    "genContinentalness": {
      "min": 0.2928,
      "max": 1.0279
    },
    "genErosion": {
      "min": -0.5065999999999999,
      "max": 0.5332
    },
    "genWeirdness": {
      "min": -1.0057,
      "max": 1.0256
    },
    "treesPerChunk": 8,
    "vanillaTreeType": "Mega pine trees",
    "treeType": 1,
    "minHeight": 32,
    "treeStem": {
      "value": "Blocks.CYAN_GLAZED_TERRACOTTA"
    },
    "treeBranch": {
      "value": "Blocks.CHERRY_LEAVES"
    },
    "treeVines": {
      "value": "Blocks.TWISTING_VINES_PLANT"
    },
    "treeFruits": {
      "value": "Blocks.LIGHT"
    },
    "defaultFeatures": [
      "Caves",
      "Ores",
      "FrozenTopLayer"
    ],
    "spawnStronghold": true,
    "spawnMineshaft": false,
    "spawnMineshaftMesa": false,
    "spawnPillagerOutpost": true,
    "villageType": "none",
    "spawnWoodlandMansion": false,
    "spawnJungleTemple": true,
    "spawnDesertPyramid": false,
    "spawnSwampHut": false,
    "spawnIgloo": false,
    "spawnOceanMonument": false,
    "spawnShipwreck": false,
    "spawnShipwreckBeached": false,
    "spawnBuriedTreasure": false,
    "oceanRuinType": "NONE",
    "spawnNetherBridge": false,
    "spawnNetherFossil": false,
    "spawnBastionRemnant": false,
    "spawnEndCity": true,
    "spawnRuinedPortal": "NONE",
    "spawnEntries": [
      {
        "entity": {
          "value": "CUSTOM:Titanthrasher"
        },
        "minGroup": 4,
        "maxGroup": 4,
        "weight": 2,
        "spawnType": "monster"
      },
      {
        "entity": {
          "value": "CUSTOM:Thrasher"
        },
        "minGroup": 4,
        "maxGroup": 4,
        "weight": 3,
        "spawnType": "monster"
      }
    ]
  }
}