{
  "_fv": 79,
  "_type": "tool",
  "definition": {
    "toolType": "Sword",
    "renderType": 0,
    "blockingRenderType": 0,
    "texture": "shater",
    "customModelName": "Normal",
    "blockingModelName": "Normal blocking",
    "guiTexture": "",
    "name": "Swordofthedimentions",
    "specialInformation": {
      "fixedValue": []
    },
    "creativeTabs": [
      {
        "value": "TOOLS"
      },
      {
        "value": "COMBAT"
      }
    ],
    "efficiency": 4.0,
    "attackSpeed": 52.0,
    "enchantability": 30,
    "damageVsEntity": 90100.0,
    "usageCount": 100,
    "glowCondition": {
      "fixedValue": false
    },
    "repairItems": [],
    "immuneToFire": false,
    "blockDropsTier": "WOOD",
    "blocksAffected": [],
    "stayInGridWhenCrafting": false,
    "damageOnCrafting": false
  }
}