{
  "parent": "block/cube",
  "textures": {
    "down": "ellis__july_mc_gamer:block/bluudud_in_disguise",
    "up": "ellis__july_mc_gamer:block/bluudud_in_disguise",
    "north": "ellis__july_mc_gamer:block/bluudud_in_disguise",
    "east": "ellis__july_mc_gamer:block/bluudud_in_disguise",
    "south": "ellis__july_mc_gamer:block/bluudud_in_disguise",
    "west": "ellis__july_mc_gamer:block/bluudud_in_disguise",
    "particle": "ellis__july_mc_gamer:block/bluudud_in_disguise"
  },
  "render_type": "solid"
}