{
  "type": "minecraft:crafting_shapeless",
  "category": "misc",
  "ingredients": [
    "hayden_july__mc_gamers:tnt_sand",
    "hayden_july__mc_gamers:tnt_gunpowder",
    "hayden_july__mc_gamers:tnt_sand",
    "hayden_july__mc_gamers:tnt_gunpowder",
    "hayden_july__mc_gamers:tnt_sand",
    "hayden_july__mc_gamers:tnt_gunpowder",
    "hayden_july__mc_gamers:tnt_sand",
    "hayden_july__mc_gamers:tnt_gunpowder",
    "hayden_july__mc_gamers:tnt_sand"
  ],
  "result": {
    "id": "hayden_july__mc_gamers:tnttnt",
    "count": 1
  }
}