{
  "has_precipitation": true,
  "temperature": 2,
  "downfall": 1,
  "effects": {
    "ambient_sound": "entity.cat.eat",
    "mood_sound": {
      "sound": "music.creative",
      "tick_delay": 2763,
      "offset": 8,
      "block_search_extent": 2
    },
    "additions_sound": {
      "sound": "entity.creeper.primed",
      "tick_chance": 0.0111
    },
    "music": [
      {
        "weight": 1,
        "data": {
          "sound": "music.overworld.meadow",
          "min_delay": 12000,
          "max_delay": 24000,
          "replace_current_music": true
        }
      }
    ],
    "particle": {
      "options": {
        "type": "ash"
      },
      "probability": 0.294
    },
    "foliage_color": -39424,
    "grass_color": -256,
    "sky_color": -3407872,
    "fog_color": -16777216,
    "water_color": -52429,
    "water_fog_color": -3381760
  },
  "spawners": {
    "monster": [
      {
        "type": "hayden_july__mc_gamers:inside_out_creeper",
        "weight": 20,
        "minCount": 4,
        "maxCount": 4
      }
    ],
    "creature": [],
    "ambient": [],
    "axolotls": [],
    "underground_water_creature": [],
    "water_creature": [],
    "water_ambient": [],
    "misc": []
  },
  "spawn_costs": {},
  "carvers": [],
  "features": [
    [],
    [],
    [],
    [],
    [],
    [],
    [],
    [],
    [],
    [
      "hayden_july__mc_gamers:tnt_biome_tree"
    ],
    [
      "minecraft:freeze_top_layer"
    ]
  ]
}