{
  "type": "minecraft:ore",
  "config": {
    "size": 64,
    "discard_chance_on_air_exposure": 0,
    "targets": [
      {
        "target": {
          "predicate_type": "tag_match",
          "tag": "stone_ore_replaceables"
        },
        "state": {
          "Name": "hayden_july__mc_gamers:tntore"
        }
      },
      {
        "target": {
          "predicate_type": "blockstate_match",
          "block_state": {
            "Name": "hayden_july__mc_gamers:tntore",
            "Properties": {
              "waterlogged": "false",
              "facing": "north",
              "FALLING": "false"
            }
          }
        },
        "state": {
          "Name": "hayden_july__mc_gamers:tntore"
        }
      }
    ]
  }
}