{
  "_fv": 79,
  "_type": "procedure",
  "definition": {
    "procedurexml": "<xml xmlns=\"https://developers.google.com/blockly/xml\"><block type=\"event_trigger\" deletable=\"false\" x=\"40\" y=\"40\"><field name=\"trigger\">entity_attacked</field><next><block type=\"controls_if\"><value name=\"IF0\"><block type=\"compare_mcitems\"><value name=\"a\"><block type=\"entity_iteminhand\"><value name=\"entity\"><block type=\"source_entity_from_deps\"></block></value></block></value><value name=\"b\"><block type=\"mcitem_all\"><field name=\"value\">Items.MACE</field></block></value></block></value><statement name=\"DO0\"><block type=\"deal_damage\"><value name=\"amount\"><block type=\"math_number\"><field name=\"NUM\">1</field></block></value><value name=\"entity\"><block type=\"entity_from_deps\"></block></value><value name=\"damagesource\"><block type=\"damagesource_from_type\"><field name=\"damagetype\">GENERIC</field></block></value></block></statement></block></next></block></xml>",
    "skipDependencyNullCheck": false
  }
}