{
  "has_precipitation": true,
  "temperature": 0.4,
  "downfall": 0.4,
  "effects": {
    "particle": {
      "options": {
        "type": "ash"
      },
      "probability": 0.005
    },
    "foliage_color": 10387789,
    "grass_color": 9470285,
    "sky_color": -65536,
    "fog_color": -13369549,
    "water_color": -26368,
    "water_fog_color": 329011
  },
  "spawners": {
    "monster": [
      {
        "type": "evan_july__mc_gamer:bob",
        "weight": 20,
        "minCount": 4,
        "maxCount": 4
      }
    ],
    "creature": [],
    "ambient": [],
    "axolotls": [],
    "underground_water_creature": [],
    "water_creature": [],
    "water_ambient": [],
    "misc": []
  },
  "spawn_costs": {},
  "carvers": [
    "minecraft:cave",
    "minecraft:cave_extra_underground",
    "minecraft:canyon"
  ],
  "features": [
    [],
    [
      "minecraft:lake_lava_underground"
    ],
    [],
    [],
    [],
    [],
    [
      "minecraft:ore_coal_upper",
      "minecraft:ore_coal_lower",
      "minecraft:ore_iron_upper",
      "minecraft:ore_iron_middle",
      "minecraft:ore_iron_small",
      "minecraft:ore_gold",
      "minecraft:ore_gold_lower",
      "minecraft:ore_redstone",
      "minecraft:ore_redstone_lower",
      "minecraft:ore_diamond",
      "minecraft:ore_diamond_medium",
      "minecraft:ore_diamond_large",
      "minecraft:ore_diamond_buried",
      "minecraft:ore_lapis",
      "minecraft:ore_lapis_buried",
      "minecraft:ore_copper",
      "minecraft:underwater_magma"
    ],
    [],
    [],
    [
      "evan_july__mc_gamer:leafbiome_tree"
    ],
    []
  ]
}