{
  "_fv": 79,
  "_type": "livingentity",
  "definition": {
    "mobName": "Bob",
    "mobLabel": "",
    "mobModelName": "Biped",
    "mobModelTexture": "steve.png",
    "transparentModelCondition": {
      "fixedValue": false
    },
    "isShakingCondition": {
      "fixedValue": false
    },
    "solidBoundingBox": {
      "fixedValue": false
    },
    "visualScale": {
      "fixedValue": 1.0
    },
    "boundingBoxScale": {
      "fixedValue": 1.0
    },
    "modelLayers": [],
    "animations": [],
    "modelWidth": 0.7,
    "modelHeight": 1.8,
    "modelShadowSize": 0.6,
    "mountedYOffset": 0.1,
    "hasSpawnEgg": true,
    "spawnEggBaseColor": {
      "value": -65536,
      "falpha": 0.0
    },
    "spawnEggDotColor": {
      "value": -13369549,
      "falpha": 0.0
    },
    "creativeTabs": [
      {
        "value": "MISC"
      }
    ],
    "isBoss": false,
    "bossBarColor": "PINK",
    "bossBarType": "PROGRESS",
    "equipmentMainHand": {
      "value": "CUSTOM:Leafarmor.helmet"
    },
    "equipmentOffHand": {
      "value": "CUSTOM:Leafarmor.body"
    },
    "equipmentHelmet": {
      "value": "CUSTOM:Leafarmor.legs"
    },
    "equipmentBody": {
      "value": "CUSTOM:Leafarmor.boots"
    },
    "equipmentLeggings": {
      "value": "Items.DIAMOND_SWORD"
    },
    "equipmentBoots": {
      "value": "Items.SHIELD"
    },
    "mobBehaviourType": "Mob",
    "mobCreatureType": "UNDEAD",
    "attackStrength": 10,
    "attackKnockback": 0.30000000000000004,
    "knockbackResistance": 0.1,
    "movementSpeed": 3.0,
    "stepHeight": 1.0,
    "armorBaseValue": 0.30000000000000004,
    "trackingRange": 70,
    "followRange": 30,
    "health": 1000,
    "xpAmount": 100,
    "waterMob": false,
    "breatheUnderwater": {
      "fixedValue": false
    },
    "pushedByFluids": {
      "fixedValue": true
    },
    "flyingMob": false,
    "inventorySize": 9,
    "inventoryStackSize": 99,
    "disableCollisions": false,
    "ridable": true,
    "canControlForward": false,
    "canControlStrafe": true,
    "immuneToFire": false,
    "immuneToArrows": false,
    "immuneToFallDamage": true,
    "immuneToCactus": false,
    "immuneToDrowning": true,
    "immuneToLightning": false,
    "immuneToPotions": false,
    "immuneToPlayer": false,
    "immuneToExplosion": true,
    "immuneToTrident": false,
    "immuneToAnvil": true,
    "immuneToWither": false,
    "immuneToDragonBreath": true,
    "mobDrop": {
      "value": "CUSTOM:Leafsword"
    },
    "livingSound": {
      "value": ""
    },
    "hurtSound": {
      "value": "entity.generic.hurt"
    },
    "deathSound": {
      "value": "entity.generic.death"
    },
    "stepSound": {
      "value": ""
    },
    "raidCelebrationSound": {
      "value": ""
    },
    "entityDataEntries": [],
    "hasAI": true,
    "aiBase": "(none)",
    "aixml": "<xml xmlns=\"https://developers.google.com/blockly/xml\"><block type=\"aitasks_container\" deletable=\"false\" x=\"40\" y=\"40\"><next><block type=\"attack_on_collide\"><field name=\"speed\">1.2</field><field name=\"longmemory\">FALSE</field><field name=\"condition\">null,null</field><next><block type=\"wander\"><field name=\"speed\">1</field><field name=\"condition\">null,null</field><next><block type=\"attack_action\"><field name=\"callhelp\">FALSE</field><field name=\"condition\">null,null</field><next><block type=\"look_around\"><field name=\"condition\">null,null</field><next><block type=\"swim_in_water\"><field name=\"condition\">null,null</field></block></next></block></next></block></next></block></next></block></next></block></xml>",
    "breedable": false,
    "tameable": false,
    "breedTriggerItems": [],
    "ranged": false,
    "rangedAttackItem": {
      "value": ""
    },
    "rangedItemType": "Default item",
    "rangedAttackInterval": 20,
    "rangedAttackRadius": 10.0,
    "spawnThisMob": true,
    "doesDespawnWhenIdle": true,
    "spawningProbability": 100,
    "mobSpawningType": "ambient",
    "minNumberOfMobsPerGroup": 3,
    "maxNumberOfMobsPerGroup": 8,
    "restrictionBiomes": [
      {
        "value": "nether"
      },
      {
        "value": "small_end_islands"
      }
    ],
    "spawnInDungeons": true,
    "raidSpawnsCount": [
      4,
      3,
      3,
      4,
      4,
      4,
      2
    ],
    "sensitiveToVibration": false,
    "vibrationalEvents": [],
    "vibrationSensitivityRadius": {
      "fixedValue": 7.0
    }
  }
}