{
  "_fv": 79,
  "_type": "procedure",
  "definition": {
    "procedurexml": "<xml xmlns=\"https://developers.google.com/blockly/xml\"><block type=\"event_trigger\" deletable=\"false\" x=\"40\" y=\"40\"><field name=\"trigger\">no_ext_trigger</field></block><block type=\"mcitem_all\" x=\"72\" y=\"117\"><field name=\"value\">CUSTOM:Leafsword</field></block><block type=\"math_number\" x=\"31\" y=\"127\"><field name=\"NUM\">5</field></block><block type=\"entity_add_item\" x=\"26\" y=\"414\"></block><block type=\"entity_from_deps\" x=\"174\" y=\"436\"></block></xml>",
    "skipDependencyNullCheck": false
  }
}