{
  "_fv": 79,
  "_type": "biome",
  "definition": {
    "name": "Leafbiome",
    "groundBlock": {
      "value": "CUSTOM:Leafblock"
    },
    "undergroundBlock": {
      "value": "CUSTOM:Leafore"
    },
    "underwaterBlock": {
      "value": "Blocks.DIAMOND_ORE"
    },
    "airColor": {
      "value": -65536,
      "falpha": 0.0
    },
    "fogColor": {
      "value": -13369549,
      "falpha": 0.0
    },
    "waterColor": {
      "value": -26368,
      "falpha": 0.0
    },
    "ambientSound": {
      "value": ""
    },
    "additionsSound": {
      "value": ""
    },
    "music": {
      "value": ""
    },
    "moodSound": {
      "value": ""
    },
    "moodSoundDelay": 6000,
    "spawnParticles": true,
    "particleToSpawn": {
      "value": "ASH"
    },
    "particlesProbability": 0.5,
    "rainingPossibility": 0.4,
    "temperature": 0.4,
    "spawnBiome": true,
    "spawnInCaves": false,
    "spawnBiomeNether": false,
    "genTemperature": {
      "min": -0.5,
      "max": 0.5
    },
    "genHumidity": {
      "min": -0.5,
      "max": 0.5
    },
    "genContinentalness": {
      "min": 0.3,
      "max": 1.0
    },
    "genErosion": {
      "min": -0.5,
      "max": 0.5
    },
    "genWeirdness": {
      "min": -1.0,
      "max": 1.0
    },
    "treesPerChunk": 16,
    "vanillaTreeType": "Big trees",
    "treeType": 1,
    "minHeight": 8,
    "treeStem": {
      "value": "Blocks.LOG2#1"
    },
    "treeBranch": {
      "value": "Blocks.LEAVES2#1"
    },
    "treeVines": {
      "value": "CUSTOM:Poopblock"
    },
    "treeFruits": {
      "value": "CUSTOM:Leafore"
    },
    "defaultFeatures": [
      "Caves",
      "Ores"
    ],
    "spawnStronghold": true,
    "spawnMineshaft": true,
    "spawnMineshaftMesa": true,
    "spawnPillagerOutpost": true,
    "villageType": "plains",
    "spawnWoodlandMansion": true,
    "spawnJungleTemple": true,
    "spawnDesertPyramid": true,
    "spawnSwampHut": true,
    "spawnIgloo": true,
    "spawnOceanMonument": true,
    "spawnShipwreck": true,
    "spawnShipwreckBeached": true,
    "spawnBuriedTreasure": true,
    "oceanRuinType": "COLD",
    "spawnNetherBridge": true,
    "spawnNetherFossil": true,
    "spawnBastionRemnant": false,
    "spawnEndCity": true,
    "spawnRuinedPortal": "STANDARD",
    "spawnEntries": [
      {
        "entity": {
          "value": "CUSTOM:Bob"
        },
        "minGroup": 4,
        "maxGroup": 4,
        "weight": 20,
        "spawnType": "monster"
      }
    ]
  }
}