{
  "_fv": 79,
  "_type": "procedure",
  "definition": {
    "procedurexml": "<xml xmlns=\"https://developers.google.com/blockly/xml\"><block type=\"event_trigger\" deletable=\"false\" x=\"40\" y=\"40\"><field name=\"trigger\">no_ext_trigger</field></block><block type=\"mcitem_all\" x=\"64\" y=\"119\"><field name=\"value\">Items.DIAMOND_CHESTPLATE</field></block><block type=\"entity_add_item\" x=\"346\" y=\"202\"><value name=\"entity\"><block type=\"entity_from_deps\"></block></value></block></xml>",
    "skipDependencyNullCheck": false
  }
}