{
  "type": "minecraft:ore",
  "config": {
    "size": 32,
    "discard_chance_on_air_exposure": 0,
    "targets": [
      {
        "target": {
          "predicate_type": "tag_match",
          "tag": "stone_ore_replaceables"
        },
        "state": {
          "Name": "ellis__july_mc_gamer:bluuore"
        }
      },
      {
        "target": {
          "predicate_type": "tag_match",
          "tag": "minecraft:dirt"
        },
        "state": {
          "Name": "ellis__july_mc_gamer:bluuore"
        }
      },
      {
        "target": {
          "predicate_type": "blockstate_match",
          "block_state": {
            "Name": "minecraft:grass_block",
            "Properties": {
              "snowy": "false"
            }
          }
        },
        "state": {
          "Name": "ellis__july_mc_gamer:bluuore"
        }
      },
      {
        "target": {
          "predicate_type": "tag_match",
          "tag": "c:stones"
        },
        "state": {
          "Name": "ellis__july_mc_gamer:bluuore"
        }
      },
      {
        "target": {
          "predicate_type": "blockstate_match",
          "block_state": {
            "Name": "minecraft:air"
          }
        },
        "state": {
          "Name": "ellis__july_mc_gamer:bluuore"
        }
      },
      {
        "target": {
          "predicate_type": "blockstate_match",
          "block_state": {
            "Name": "minecraft:void_air"
          }
        },
        "state": {
          "Name": "ellis__july_mc_gamer:bluuore"
        }
      },
      {
        "target": {
          "predicate_type": "blockstate_match",
          "block_state": {
            "Name": "minecraft:cave_air"
          }
        },
        "state": {
          "Name": "ellis__july_mc_gamer:bluuore"
        }
      },
      {
        "target": {
          "predicate_type": "blockstate_match",
          "block_state": {
            "Name": "minecraft:bedrock"
          }
        },
        "state": {
          "Name": "ellis__july_mc_gamer:bluuore"
        }
      }
    ]
  }
}