{
  "variants": {
    "face=floor,facing=north": {
      "model": "hayden_july__mc_gamers:block/tnt_sand"
    },
    "face=floor,facing=east": {
      "model": "hayden_july__mc_gamers:block/tnt_sand",
      "y": 90
    },
    "face=floor,facing=south": {
      "model": "hayden_july__mc_gamers:block/tnt_sand",
      "y": 180
    },
    "face=floor,facing=west": {
      "model": "hayden_july__mc_gamers:block/tnt_sand",
      "y": 270
    },
    "face=wall,facing=north": {
      "model": "hayden_july__mc_gamers:block/tnt_sand",
      "x": 90
    },
    "face=wall,facing=east": {
      "model": "hayden_july__mc_gamers:block/tnt_sand",
      "x": 90,
      "y": 90
    },
    "face=wall,facing=south": {
      "model": "hayden_july__mc_gamers:block/tnt_sand",
      "x": 90,
      "y": 180
    },
    "face=wall,facing=west": {
      "model": "hayden_july__mc_gamers:block/tnt_sand",
      "x": 90,
      "y": 270
    },
    "face=ceiling,facing=north": {
      "model": "hayden_july__mc_gamers:block/tnt_sand",
      "x": 180,
      "y": 180
    },
    "face=ceiling,facing=east": {
      "model": "hayden_july__mc_gamers:block/tnt_sand",
      "x": 180,
      "y": 270
    },
    "face=ceiling,facing=south": {
      "model": "hayden_july__mc_gamers:block/tnt_sand",
      "x": 180
    },
    "face=ceiling,facing=west": {
      "model": "hayden_july__mc_gamers:block/tnt_sand",
      "x": 180,
      "y": 90
    }
  }
}