{
  "_fv": 79,
  "_type": "procedure",
  "definition": {
    "procedurexml": "<xml xmlns=\"https://developers.google.com/blockly/xml\"><block type=\"event_trigger\" deletable=\"false\" x=\"40\" y=\"40\"><field name=\"trigger\">no_ext_trigger</field><next><block type=\"wait\"><value name=\"ticks\"><block type=\"math_java_constants\"><field name=\"CONSTANT\">NORMAL</field></block></value><statement name=\"do\"><block type=\"spawn_entity\"><field name=\"entity\">CUSTOM:CoruptedEntity</field><value name=\"x\"><block type=\"coord_x\"></block></value><value name=\"y\"><block type=\"coord_y\"></block></value><value name=\"z\"><block type=\"coord_z\"></block></value></block></statement></block></next></block></xml>",
    "skipDependencyNullCheck": false
  }
}