{
  "_fv": 79,
  "_type": "biome",
  "definition": {
    "name": "Corupted Biom",
    "groundBlock": {
      "value": "CUSTOM:CoruptedGrass"
    },
    "undergroundBlock": {
      "value": "CUSTOM:CoruptedGrass"
    },
    "underwaterBlock": {
      "value": "CUSTOM:CoruptedGrass"
    },
    "airColor": {
      "value": -6750055,
      "falpha": 0.0
    },
    "fogColor": {
      "value": -6750055,
      "falpha": 0.0
    },
    "waterFogColor": {
      "value": -6750055,
      "falpha": 0.0
    },
    "ambientSound": {
      "value": "ambient.cave"
    },
    "additionsSound": {
      "value": ""
    },
    "music": {
      "value": "entity.wither.spawn"
    },
    "moodSound": {
      "value": ""
    },
    "moodSoundDelay": 6000,
    "spawnParticles": true,
    "particleToSpawn": {
      "value": "PORTAL"
    },
    "particlesProbability": 0.5,
    "rainingPossibility": 0.5,
    "temperature": 0.5,
    "spawnBiome": false,
    "spawnInCaves": false,
    "spawnBiomeNether": false,
    "genTemperature": {
      "min": -0.5,
      "max": 0.5
    },
    "genHumidity": {
      "min": -0.5,
      "max": 0.5
    },
    "genContinentalness": {
      "min": 0.3,
      "max": 1.0
    },
    "genErosion": {
      "min": -0.5,
      "max": 0.5
    },
    "genWeirdness": {
      "min": -1.0,
      "max": 1.0
    },
    "treesPerChunk": 1,
    "vanillaTreeType": "Default",
    "treeType": 1,
    "minHeight": 0,
    "treeStem": {
      "value": "CUSTOM:CoruptedGrass"
    },
    "treeBranch": {
      "value": "CUSTOM:CoruptedGrass"
    },
    "treeVines": {
      "value": ""
    },
    "treeFruits": {
      "value": ""
    },
    "defaultFeatures": [
      "Caves"
    ],
    "spawnStronghold": false,
    "spawnMineshaft": false,
    "spawnMineshaftMesa": false,
    "spawnPillagerOutpost": false,
    "villageType": "none",
    "spawnWoodlandMansion": false,
    "spawnJungleTemple": false,
    "spawnDesertPyramid": false,
    "spawnSwampHut": false,
    "spawnIgloo": false,
    "spawnOceanMonument": false,
    "spawnShipwreck": false,
    "spawnShipwreckBeached": false,
    "spawnBuriedTreasure": false,
    "oceanRuinType": "NONE",
    "spawnNetherBridge": false,
    "spawnNetherFossil": false,
    "spawnBastionRemnant": false,
    "spawnEndCity": false,
    "spawnRuinedPortal": "NONE",
    "spawnEntries": [
      {
        "entity": {
          "value": "CUSTOM:CoruptedEntity"
        },
        "minGroup": 4,
        "maxGroup": 4,
        "weight": 100,
        "spawnType": "creature"
      }
    ]
  }
}