{
  "_fv": 77,
  "_type": "recipe",
  "definition": {
    "recipeType": "Crafting",
    "recipeRetstackSize": 1,
    "group": "",
    "cookingBookCategory": "MISC",
    "xpReward": 0.0,
    "cookingTime": 200,
    "craftingBookCategory": "MISC",
    "recipeShapeless": false,
    "recipeSlots": [
      {
        "value": ""
      },
      {
        "value": ""
      },
      {
        "value": ""
      },
      {
        "value": "CUSTOM:Banana"
      },
      {
        "value": "Blocks.BLUE_ICE"
      },
      {
        "value": "Items.LAVA_BUCKET"
      },
      {
        "value": ""
      },
      {
        "value": "Items.WOODEN_SWORD"
      },
      {
        "value": ""
      }
    ],
    "recipeReturnStack": {
      "value": "CUSTOM:Bananaicefiresword"
    },
    "name": "bifsword",
    "namespace": "mod"
  }
}