{
  "_fv": 77,
  "_type": "feature",
  "definition": {
    "skipPlacement": false,
    "generationStep": "SURFACE_STRUCTURES",
    "restrictionBiomes": [
      {
        "value": "CUSTOM:Gregshome"
      }
    ],
    "featurexml": "<xml xmlns=\"https://developers.google.com/blockly/xml\"><block type=\"feature_container\" deletable=\"false\" x=\"40\" y=\"40\"><value name=\"feature\"><block type=\"feature_vegetation_patch\"><field name=\"surface\">floor</field><field name=\"vertical_range\">2</field><field name=\"vegetation_chance\">0.09</field><field name=\"replaceable\">lush_ground_replaceable</field><field name=\"extra_bottom_block_chance\">0.8</field><field name=\"extra_edge_column_chance\">0.7</field><value name=\"xz_radius\"><block type=\"int_provider_uniform\"><field name=\"min\">4</field><field name=\"max\">7</field></block></value><value name=\"vegetation_feature\"><block type=\"configured_feature_reference\"><field name=\"feature\">CUSTOM:Gregplant</field></block></value><value name=\"ground_state\"><block type=\"blockstate_selector\"><mutation xmlns=\"http://www.w3.org/1999/xhtml\" inputs=\"0\"></mutation><field name=\"block\">CUSTOM:Greg</field></block></value><value name=\"depth\"><block type=\"int_provider_constant\"><field name=\"value\">3</field></block></value></block></value><next><block type=\"placement_count\"><value name=\"count\"><block type=\"int_provider_uniform\"><field name=\"min\">1</field><field name=\"max\">4</field></block></value><next><block type=\"placement_in_square\"><next><block type=\"placement_heightmap\"><field name=\"heightmap\">OCEAN_FLOOR_WG</field><next><block type=\"placement_block_predicate_filter\"><value name=\"condition\"><block type=\"block_predicate_matching_blocks\"><field name=\"x\">0</field><field name=\"y\">-1</field><field name=\"z\">0</field><value name=\"blockSet\"><block type=\"block_holderset_list\"><mutation xmlns=\"http://www.w3.org/1999/xhtml\" inputs=\"1\"></mutation><field name=\"block0\">CUSTOM:Greg</field></block></value></block></value><next><block type=\"placement_biome_filter\"></block></next></block></next></block></next></block></next></block></next></block></xml>"
  }
}