{
  "_fv": 77,
  "_type": "biome",
  "definition": {
    "name": "Gregshome",
    "groundBlock": {
      "value": "CUSTOM:Greg"
    },
    "undergroundBlock": {
      "value": "Blocks.DIAMOND_ORE"
    },
    "underwaterBlock": {
      "value": ""
    },
    "airColor": {
      "value": -3342337,
      "falpha": 0.0
    },
    "grassColor": {
      "value": -3342388,
      "falpha": 0.0
    },
    "waterColor": {
      "value": -13369345,
      "falpha": 0.0
    },
    "ambientSound": {
      "value": ""
    },
    "additionsSound": {
      "value": ""
    },
    "music": {
      "value": ""
    },
    "moodSound": {
      "value": ""
    },
    "moodSoundDelay": 6000,
    "spawnParticles": false,
    "particleToSpawn": {
      "value": "ASH"
    },
    "particlesProbability": 0.5,
    "rainingPossibility": 0.5,
    "temperature": 0.5,
    "spawnBiome": true,
    "spawnInCaves": false,
    "spawnBiomeNether": false,
    "genTemperature": {
      "min": -2.0,
      "max": 2.0
    },
    "genHumidity": {
      "min": -2.0,
      "max": 2.0
    },
    "genContinentalness": {
      "min": -2.0,
      "max": 2.0
    },
    "genErosion": {
      "min": -2.0,
      "max": 2.0
    },
    "genWeirdness": {
      "min": -1.0,
      "max": 0.0
    },
    "treesPerChunk": 1,
    "vanillaTreeType": "Big trees",
    "treeType": 1,
    "minHeight": 7,
    "treeStem": {
      "value": "Blocks.CHERRY_LOG"
    },
    "treeBranch": {
      "value": "Blocks.CHERRY_LEAVES"
    },
    "treeVines": {
      "value": ""
    },
    "treeFruits": {
      "value": ""
    },
    "defaultFeatures": [
      "Caves",
      "Ores"
    ],
    "spawnStronghold": true,
    "spawnMineshaft": true,
    "spawnMineshaftMesa": true,
    "spawnPillagerOutpost": true,
    "villageType": "none",
    "spawnWoodlandMansion": true,
    "spawnJungleTemple": true,
    "spawnDesertPyramid": true,
    "spawnSwampHut": true,
    "spawnIgloo": true,
    "spawnOceanMonument": true,
    "spawnShipwreck": true,
    "spawnShipwreckBeached": true,
    "spawnBuriedTreasure": true,
    "oceanRuinType": "NONE",
    "spawnNetherBridge": true,
    "spawnNetherFossil": false,
    "spawnBastionRemnant": true,
    "spawnEndCity": true,
    "spawnRuinedPortal": "NONE",
    "spawnEntries": []
  }
}